---
title: mysql学习十七数值函数
date: 2017-02-17 13:23:39
categories: mysql
tags: mysql
---
### mysql学习十七数值函数

* ABS(X) 返回数据X的绝对值
* CEIL(X) 返回大于X的最大整数值
* FLOOR(X) 返回小于X的最大整数
* MODE(X,Y) 返回X模Y的值
* RAND(） 返回0-1之间的随机数
* ROUND(X,Y) 返回数值X的四舍5入后有Y位小数的数值
* TRUNCATE(X,Y)，返回X断为Y位小数的数值

#### 获取随机数RAND()
```
mysql> SELECT RAND(),RAND(),RAND(3),RAND(3);
+---------------------+---------------------+--------------------+--------------------+
| RAND()              | RAND()              | RAND(3)            | RAND(3)            |
+---------------------+---------------------+--------------------+--------------------+
| 0.14539613215755312 | 0.17698627540561024 | 0.9057697559760601 | 0.9057697559760601 |
+---------------------+---------------------+--------------------+--------------------+
1 row in set (0.00 sec)
```
每次运行RAND（）函数返回的都不一样，如果要获取相同的随机数，使用带有相同参数的RNAD()来实现


#### 获取整数
* CEIL(X) 返回大于X的最大整数值
* FLOOR(X) 返回小于X的最大整数
```
mysql> SELECT CEIL(3.5),CEIL(-3.5),FLOOR(3.5),FLOOR(-3.5);
+-----------+------------+------------+-------------+
| CEIL(3.5) | CEIL(-3.5) | FLOOR(3.5) | FLOOR(-3.5) |
+-----------+------------+------------+-------------+
|         4 |         -3 |          3 |          -4 |
+-----------+------------+------------+-------------+
1 row in set (0.00 sec)
```

#### 截取数值函数

* TRUNCATE(X,Y)，返回X断为Y位小数的数值

```
mysql> SELECT TRUNCATE(903.53564,2),TRUNCATE(903.53567,-1);
+-----------------------+------------------------+
| TRUNCATE(903.53564,2) | TRUNCATE(903.53567,-1) |
+-----------------------+------------------------+
|                903.53 |                    900 |
+-----------------------+------------------------+
1 row in set (0.00 sec)
```

#### 四舍五入函数
* ROUND(X,Y) 返回数值X的四舍5入后有Y位小数的数值

```
mysql> SELECT ROUND(903.53564),ROUND(903.53564,2),ROUND(-903.53564),ROUND(903.53564,-1);
+------------------+--------------------+-------------------+---------------------+
| ROUND(903.53564) | ROUND(903.53564,2) | ROUND(-903.53564) | ROUND(903.53564,-1) |
+------------------+--------------------+-------------------+---------------------+
|              904 |             903.54 |              -904 |                 900 |
+------------------+--------------------+-------------------+---------------------+
1 row in set (0.00 sec)
```

#### BIN（N）,OCT（N），HEX（N_or_S）函数..其实就是进制转换
```
mysql> SELECT BIN(12);
        -> '1100'
mysql> SELECT OCT(12);
        -> '14'
mysql> SELECT HEX(255);
        -> 'FF'
mysql> SELECT HEX("abc");
        -> 616263
```

#### CONV(N,from_base,to_base)函数

将一个数字N，从from_base转换为to_base，返回值为字符串..

```

mysql> SELECT CONV("a",16,2);
        -> '1010'
mysql> SELECT CONV("6E",18,8);
        -> '172'
```