---
title: mysql学习十单表记录查询
date: 2017-02-14 10:41:23
categories: mysql
tags: mysql
---

### mysql学习十单表记录查询
语法

```
SELECT
    [ALL | DISTINCT | DISTINCTROW ]
      [HIGH_PRIORITY]
      [STRAIGHT_JOIN]
      [SQL_SMALL_RESULT] [SQL_BIG_RESULT] [SQL_BUFFER_RESULT]
      [SQL_CACHE | SQL_NO_CACHE] [SQL_CALC_FOUND_ROWS]
    select_expr, ...
    [FROM table_references
    [WHERE where_condition]
    [GROUP BY {col_name | expr | position}
      [ASC | DESC], ... [WITH ROLLUP]]
    [HAVING where_condition]
    [ORDER BY {col_name | expr | position}
      [ASC | DESC], ...]
    [LIMIT {[offset,] row_count | row_count OFFSET offset}]
    [PROCEDURE procedure_name(argument_list)]
    [INTO OUTFILE 'file_name' export_options
      | INTO DUMPFILE 'file_name']
    [FOR UPDATE | LOCK IN SHARE MODE]]

```
#### 建立表为oracle。scott用户下的表
```


CREATE TABLE emp (
    empno NUMERIC(4) NOT NULL,
    ename VARCHAR(10),
    job VARCHAR(9),
    mgr NUMERIC(4),
    hiredate DATETIME,
    sal NUMERIC(7, 2),
    comm NUMERIC(7, 2),
    deptno NUMERIC(2)
);

INSERT INTO emp VALUES (7369, 'SMITH', 'CLERK', 7902, '1980-12-17', 800, NULL, 20);
INSERT INTO emp VALUES (7499, 'ALLEN', 'SALESMAN', 7698, '1981-02-20', 1600, 300, 30);
INSERT INTO emp VALUES (7521, 'WARD', 'SALESMAN', 7698, '1981-02-22', 1250, 500, 30);
INSERT INTO emp VALUES (7566, 'JONES', 'MANAGER', 7839, '1981-04-02', 2975, NULL, 20);
INSERT INTO emp VALUES (7654, 'MARTIN', 'SALESMAN', 7698, '1981-09-28', 1250, 1400, 30);
INSERT INTO emp VALUES (7698, 'BLAKE', 'MANAGER', 7839, '1981-05-01', 2850, NULL, 30);
INSERT INTO emp VALUES (7782, 'CLARK', 'MANAGER', 7839, '1981-06-09', 2450, NULL, 10);
INSERT INTO emp VALUES (7788, 'SCOTT', 'ANALYST', 7566, '1982-12-09', 3000, NULL, 20);
INSERT INTO emp VALUES (7839, 'KING', 'PRESIDENT', NULL, '1981-11-17', 5000, NULL, 10);
INSERT INTO emp VALUES (7844, 'TURNER', 'SALESMAN', 7698, '1981-09-08', 1500, 0, 30);
INSERT INTO emp VALUES (7876, 'ADAMS', 'CLERK', 7788, '1983-01-12', 1100, NULL, 20);
INSERT INTO emp VALUES (7900, 'JAMES', 'CLERK', 7698, '1981-12-03', 950, NULL, 30);
INSERT INTO emp VALUES (7902, 'FORD', 'ANALYST', 7566, '1981-12-03', 3000, NULL, 20);
INSERT INTO emp VALUES (7934, 'MILLER', 'CLERK', 7782, '1982-01-23', 1300, NULL, 10);

CREATE TABLE dept (
    deptno NUMERIC(2),
    dname VARCHAR(14),
    loc VARCHAR(13)
);

INSERT INTO dept VALUES (10, 'ACCOUNTING', 'NEW YORK');
INSERT INTO dept VALUES (20, 'RESEARCH', 'DALLAS');
INSERT INTO dept VALUES (30, 'SALES', 'CHICAGO');
INSERT INTO dept VALUES (40, 'OPERATIONS', 'BOSTON');

CREATE TABLE bonus (
    empno NUMERIC(4),
    job VARCHAR(9),
    sal NUMERIC,
    comm NUMERIC
);

CREATE TABLE salgrade (
    grade NUMERIC,
    losal NUMERIC,
    hisal NUMERIC
);

INSERT INTO salgrade VALUES (1, 700, 1200);
INSERT INTO salgrade VALUES (2, 1201, 1400);
INSERT INTO salgrade VALUES (3, 1401, 2000);
INSERT INTO salgrade VALUES (4, 2001, 3000);
INSERT INTO salgrade VALUES (5, 3001, 9999);
```

#### 查询指定字段数据


```
查询指定字段数据:
SELECT field1 field2 ……fieldn
    FROM table_name
SELECT field2 field1 ……fieldn
    FROM table_name

```
查询
```
mysql> select empno,ename,job,mgr, hiredate from emp;
+-------+--------+-----------+------+---------------------+
| empno | ename  | job       | mgr  | hiredate            |
+-------+--------+-----------+------+---------------------+
|  7369 | SMITH  | CLERK     | 7902 | 1980-12-17 00:00:00 |
|  7499 | ALLEN  | SALESMAN  | 7698 | 1981-02-20 00:00:00 |
|  7521 | WARD   | SALESMAN  | 7698 | 1981-02-22 00:00:00 |
|  7566 | JONES  | MANAGER   | 7839 | 1981-04-02 00:00:00 |
|  7654 | MARTIN | SALESMAN  | 7698 | 1981-09-28 00:00:00 |
|  7698 | BLAKE  | MANAGER   | 7839 | 1981-05-01 00:00:00 |
|  7782 | CLARK  | MANAGER   | 7839 | 1981-06-09 00:00:00 |
|  7788 | SCOTT  | ANALYST   | 7566 | 1982-12-09 00:00:00 |
|  7839 | KING   | PRESIDENT | NULL | 1981-11-17 00:00:00 |
|  7844 | TURNER | SALESMAN  | 7698 | 1981-09-08 00:00:00 |
|  7876 | ADAMS  | CLERK     | 7788 | 1983-01-12 00:00:00 |
|  7900 | JAMES  | CLERK     | 7698 | 1981-12-03 00:00:00 |
|  7902 | FORD   | ANALYST   | 7566 | 1981-12-03 00:00:00 |
|  7934 | MILLER | CLERK     | 7782 | 1982-01-23 00:00:00 |
+-------+--------+-----------+------+---------------------+
14 rows in set (0.00 sec)
```


#### 查询所有字段数据

```
SELECT *
    FROM table_name

SELECT field1 field2 ……fieldn(所有字段)
    FROM table_name
```
查询
```
mysql> show databases;
+--------------------+
| Database           |
+--------------------+
| information_schema |
| company            |
| databasetest       |
| mysql              |
| performance_schema |
| sakila             |
| sys                |
| view               |
| world              |
+--------------------+
9 rows in set (0.00 sec)

mysql> use company;
Database changed
mysql> show tables;
+-------------------+
| Tables_in_company |
+-------------------+
| bonus             |
| dept              |
| emp               |
| salgrade          |
| t_dept            |
| t_diary           |
+-------------------+
6 rows in set (0.00 sec)

mysql> select * from emp;
+-------+--------+-----------+------+---------------------+---------+---------+--------+
| empno | ename  | job       | mgr  | hiredate            | sal     | comm    | deptno |
+-------+--------+-----------+------+---------------------+---------+---------+--------+
|  7369 | SMITH  | CLERK     | 7902 | 1980-12-17 00:00:00 |  800.00 |    NULL |     20 |
|  7499 | ALLEN  | SALESMAN  | 7698 | 1981-02-20 00:00:00 | 1600.00 |  300.00 |     30 |
|  7521 | WARD   | SALESMAN  | 7698 | 1981-02-22 00:00:00 | 1250.00 |  500.00 |     30 |
|  7566 | JONES  | MANAGER   | 7839 | 1981-04-02 00:00:00 | 2975.00 |    NULL |     20 |
|  7654 | MARTIN | SALESMAN  | 7698 | 1981-09-28 00:00:00 | 1250.00 | 1400.00 |     30 |
|  7698 | BLAKE  | MANAGER   | 7839 | 1981-05-01 00:00:00 | 2850.00 |    NULL |     30 |
|  7782 | CLARK  | MANAGER   | 7839 | 1981-06-09 00:00:00 | 2450.00 |    NULL |     10 |
|  7788 | SCOTT  | ANALYST   | 7566 | 1982-12-09 00:00:00 | 3000.00 |    NULL |     20 |
|  7839 | KING   | PRESIDENT | NULL | 1981-11-17 00:00:00 | 5000.00 |    NULL |     10 |
|  7844 | TURNER | SALESMAN  | 7698 | 1981-09-08 00:00:00 | 1500.00 |    0.00 |     30 |
|  7876 | ADAMS  | CLERK     | 7788 | 1983-01-12 00:00:00 | 1100.00 |    NULL |     20 |
|  7900 | JAMES  | CLERK     | 7698 | 1981-12-03 00:00:00 |  950.00 |    NULL |     30 |
|  7902 | FORD   | ANALYST   | 7566 | 1981-12-03 00:00:00 | 3000.00 |    NULL |     20 |
|  7934 | MILLER | CLERK     | 7782 | 1982-01-23 00:00:00 | 1300.00 |    NULL |     10 |
+-------+--------+-----------+------+---------------------+---------+---------+--------+
14 rows in set (0.06 sec)
```

#### 避免重复数据查询——DISTINCT

```
mysql> select job from emp;
+-----------+
| job       |
+-----------+
| CLERK     |
| SALESMAN  |
| SALESMAN  |
| MANAGER   |
| SALESMAN  |
| MANAGER   |
| MANAGER   |
| ANALYST   |
| PRESIDENT |
| SALESMAN  |
| CLERK     |
| CLERK     |
| ANALYST   |
| CLERK     |
+-----------+
14 rows in set (0.00 sec)

mysql> select distinct job from emp;
+-----------+
| job       |
+-----------+
| CLERK     |
| SALESMAN  |
| MANAGER   |
| ANALYST   |
| PRESIDENT |
+-----------+
5 rows in set (0.00 sec)
```

#### 实现数学四则运算数据查询
```
mysql> select 1+1;
+-----+
| 1+1 |
+-----+
|   2 |
+-----+
1 row in set (0.00 sec)

mysql> SELECT empno,ename,job AS 职位,sal AS 月薪,sal*12 AS 年薪 FROM emp;
+-------+--------+-----------+---------+----------+
| empno | ename  | 职位      | 月薪    | 年薪     |
+-------+--------+-----------+---------+----------+
|  7369 | SMITH  | CLERK     |  800.00 |  9600.00 |
|  7499 | ALLEN  | SALESMAN  | 1600.00 | 19200.00 |
|  7521 | WARD   | SALESMAN  | 1250.00 | 15000.00 |
|  7566 | JONES  | MANAGER   | 2975.00 | 35700.00 |
|  7654 | MARTIN | SALESMAN  | 1250.00 | 15000.00 |
|  7698 | BLAKE  | MANAGER   | 2850.00 | 34200.00 |
|  7782 | CLARK  | MANAGER   | 2450.00 | 29400.00 |
|  7788 | SCOTT  | ANALYST   | 3000.00 | 36000.00 |
|  7839 | KING   | PRESIDENT | 5000.00 | 60000.00 |
|  7844 | TURNER | SALESMAN  | 1500.00 | 18000.00 |
|  7876 | ADAMS  | CLERK     | 1100.00 | 13200.00 |
|  7900 | JAMES  | CLERK     |  950.00 | 11400.00 |
|  7902 | FORD   | ANALYST   | 3000.00 | 36000.00 |
|  7934 | MILLER | CLERK     | 1300.00 | 15600.00 |
+-------+--------+-----------+---------+----------+
14 rows in set (0.00 sec)
```

#### 设置显示格式数据查询

SELECT CONCAT(ename,'雇员的年薪为：',sal*12) yearsalary FROM emp;


* CONCAT合并连接字符串


```
mysql> select empno,concat(ename,'工资:',sal,'年薪',sal*12) from emp;
+-------+---------------------------------------------+
| empno | concat(ename,'工资:',sal,'年薪',sal*12)     |
+-------+---------------------------------------------+
|  7369 | SMITH工资:800.00年薪9600.00                 |
|  7499 | ALLEN工资:1600.00年薪19200.00               |
|  7521 | WARD工资:1250.00年薪15000.00                |
|  7566 | JONES工资:2975.00年薪35700.00               |
|  7654 | MARTIN工资:1250.00年薪15000.00              |
|  7698 | BLAKE工资:2850.00年薪34200.00               |
|  7782 | CLARK工资:2450.00年薪29400.00               |
|  7788 | SCOTT工资:3000.00年薪36000.00               |
|  7839 | KING工资:5000.00年薪60000.00                |
|  7844 | TURNER工资:1500.00年薪18000.00              |
|  7876 | ADAMS工资:1100.00年薪13200.00               |
|  7900 | JAMES工资:950.00年薪11400.00                |
|  7902 | FORD工资:3000.00年薪36000.00                |
|  7934 | MILLER工资:1300.00年薪15600.00              |
+-------+---------------------------------------------+
14 rows in set (0.00 sec)

mysql> select empno,ename,concat('工资:',sal,'年薪',sal*12) from emp;
+-------+--------+---------------------------------------+
| empno | ename  | concat('工资:',sal,'年薪',sal*12)     |
+-------+--------+---------------------------------------+
|  7369 | SMITH  | 工资:800.00年薪9600.00                |
|  7499 | ALLEN  | 工资:1600.00年薪19200.00              |
|  7521 | WARD   | 工资:1250.00年薪15000.00              |
|  7566 | JONES  | 工资:2975.00年薪35700.00              |
|  7654 | MARTIN | 工资:1250.00年薪15000.00              |
|  7698 | BLAKE  | 工资:2850.00年薪34200.00              |
|  7782 | CLARK  | 工资:2450.00年薪29400.00              |
|  7788 | SCOTT  | 工资:3000.00年薪36000.00              |
|  7839 | KING   | 工资:5000.00年薪60000.00              |
|  7844 | TURNER | 工资:1500.00年薪18000.00              |
|  7876 | ADAMS  | 工资:1100.00年薪13200.00              |
|  7900 | JAMES  | 工资:950.00年薪11400.00               |
|  7902 | FORD   | 工资:3000.00年薪36000.00              |
|  7934 | MILLER | 工资:1300.00年薪15600.00              |
+-------+--------+---------------------------------------+
14 rows in set (0.00 sec)

mysql> select empno,ename,concat('工资:',sal,'--年薪',sal*12) from emp;
+-------+--------+-----------------------------------------+
| empno | ename  | concat('工资:',sal,'--年薪',sal*12)     |
+-------+--------+-----------------------------------------+
|  7369 | SMITH  | 工资:800.00--年薪9600.00                |
|  7499 | ALLEN  | 工资:1600.00--年薪19200.00              |
|  7521 | WARD   | 工资:1250.00--年薪15000.00              |
|  7566 | JONES  | 工资:2975.00--年薪35700.00              |
|  7654 | MARTIN | 工资:1250.00--年薪15000.00              |
|  7698 | BLAKE  | 工资:2850.00--年薪34200.00              |
|  7782 | CLARK  | 工资:2450.00--年薪29400.00              |
|  7788 | SCOTT  | 工资:3000.00--年薪36000.00              |
|  7839 | KING   | 工资:5000.00--年薪60000.00              |
|  7844 | TURNER | 工资:1500.00--年薪18000.00              |
|  7876 | ADAMS  | 工资:1100.00--年薪13200.00              |
|  7900 | JAMES  | 工资:950.00--年薪11400.00               |
|  7902 | FORD   | 工资:3000.00--年薪36000.00              |
|  7934 | MILLER | 工资:1300.00--年薪15600.00              |
+-------+--------+-----------------------------------------+
14 rows in set (0.00 sec)

```

#### 条件数据记录查询


```
带有关系运算符和逻辑运算符的条件数据查询。
Select col from table_name where a=b and c>1 or d<12

SELECT field1,field2,fieldn
from 表名
where CONDITION
```
CONDITION对数据进行条件查询

* 带关系运算符和逻辑运算符的条件查询
* 带BETWEEN AND关键字的条件查询
* 带IS NULL关键字的条件查询
* 带IN 关键字条件查询
* 带LIKE关键字的条件查询


#### 查询表的所有内容
```
mysql> select * from emp;
+-------+--------+-----------+------+---------------------+---------+---------+--------+
| empno | ename  | job       | mgr  | hiredate            | sal     | comm    | deptno |
+-------+--------+-----------+------+---------------------+---------+---------+--------+
|  7369 | SMITH  | CLERK     | 7902 | 1980-12-17 00:00:00 |  800.00 |    NULL |     20 |
|  7499 | ALLEN  | SALESMAN  | 7698 | 1981-02-20 00:00:00 | 1600.00 |  300.00 |     30 |
|  7521 | WARD   | SALESMAN  | 7698 | 1981-02-22 00:00:00 | 1250.00 |  500.00 |     30 |
|  7566 | JONES  | MANAGER   | 7839 | 1981-04-02 00:00:00 | 2975.00 |    NULL |     20 |
|  7654 | MARTIN | SALESMAN  | 7698 | 1981-09-28 00:00:00 | 1250.00 | 1400.00 |     30 |
|  7698 | BLAKE  | MANAGER   | 7839 | 1981-05-01 00:00:00 | 2850.00 |    NULL |     30 |
|  7782 | CLARK  | MANAGER   | 7839 | 1981-06-09 00:00:00 | 2450.00 |    NULL |     10 |
|  7788 | SCOTT  | ANALYST   | 7566 | 1982-12-09 00:00:00 | 3000.00 |    NULL |     20 |
|  7839 | KING   | PRESIDENT | NULL | 1981-11-17 00:00:00 | 5000.00 |    NULL |     10 |
|  7844 | TURNER | SALESMAN  | 7698 | 1981-09-08 00:00:00 | 1500.00 |    0.00 |     30 |
|  7876 | ADAMS  | CLERK     | 7788 | 1983-01-12 00:00:00 | 1100.00 |    NULL |     20 |
|  7900 | JAMES  | CLERK     | 7698 | 1981-12-03 00:00:00 |  950.00 |    NULL |     30 |
|  7902 | FORD   | ANALYST   | 7566 | 1981-12-03 00:00:00 | 3000.00 |    NULL |     20 |
|  7934 | MILLER | CLERK     | 7782 | 1982-01-23 00:00:00 | 1300.00 |    NULL |     10 |
+-------+--------+-----------+------+---------------------+---------+---------+--------+
14 rows in set (0.00 sec)
```
#### 查询员工编号，姓名，基本工资
```
mysql> select empno 员工编号 ,ename 姓名,sal 基本工资 from emp;
+--------------+--------+--------------+
| 员工编号     | 姓名   | 基本工资     |
+--------------+--------+--------------+
|         7369 | SMITH  |       800.00 |
|         7499 | ALLEN  |      1600.00 |
|         7521 | WARD   |      1250.00 |
|         7566 | JONES  |      2975.00 |
|         7654 | MARTIN |      1250.00 |
|         7698 | BLAKE  |      2850.00 |
|         7782 | CLARK  |      2450.00 |
|         7788 | SCOTT  |      3000.00 |
|         7839 | KING   |      5000.00 |
|         7844 | TURNER |      1500.00 |
|         7876 | ADAMS  |      1100.00 |
|         7900 | JAMES  |       950.00 |
|         7902 | FORD   |      3000.00 |
|         7934 | MILLER |      1300.00 |
+--------------+--------+--------------+
14 rows in set (0.00 sec)
```
#### 查询职位并去掉重复
```
mysql> select distinct job from emp;
+-----------+
| job       |
+-----------+
| CLERK     |
| SALESMAN  |
| MANAGER   |
| ANALYST   |
| PRESIDENT |
+-----------+
5 rows in set (0.00 sec)
```

#### 查询员工编号，姓名，基本工资,月薪，年薪

```
mysql> select empno 编号,ename 姓名,sal 月薪,sal*12 年薪, sal/30 from emp;
+--------+--------+---------+----------+------------+
| 编号   | 姓名   | 月薪    | 年薪     | sal/30     |
+--------+--------+---------+----------+------------+
|   7369 | SMITH  |  800.00 |  9600.00 |  26.666667 |
|   7499 | ALLEN  | 1600.00 | 19200.00 |  53.333333 |
|   7521 | WARD   | 1250.00 | 15000.00 |  41.666667 |
|   7566 | JONES  | 2975.00 | 35700.00 |  99.166667 |
|   7654 | MARTIN | 1250.00 | 15000.00 |  41.666667 |
|   7698 | BLAKE  | 2850.00 | 34200.00 |  95.000000 |
|   7782 | CLARK  | 2450.00 | 29400.00 |  81.666667 |
|   7788 | SCOTT  | 3000.00 | 36000.00 | 100.000000 |
|   7839 | KING   | 5000.00 | 60000.00 | 166.666667 |
|   7844 | TURNER | 1500.00 | 18000.00 |  50.000000 |
|   7876 | ADAMS  | 1100.00 | 13200.00 |  36.666667 |
|   7900 | JAMES  |  950.00 | 11400.00 |  31.666667 |
|   7902 | FORD   | 3000.00 | 36000.00 | 100.000000 |
|   7934 | MILLER | 1300.00 | 15600.00 |  43.333333 |
+--------+--------+---------+----------+------------+
14 rows in set (0.00 sec)
```

```
mysql> select empno 工号,ename 姓名,sal 月薪, sal*12 年薪,ROUND(sal/30,2) 日薪, '$' 货币单位 from emp;
+--------+--------+---------+----------+--------+--------------+
| 工号   | 姓名   | 月薪    | 年薪     | 日薪   | 货币单位     |
+--------+--------+---------+----------+--------+--------------+
|   7369 | SMITH  |  800.00 |  9600.00 |  26.67 | $            |
|   7499 | ALLEN  | 1600.00 | 19200.00 |  53.33 | $            |
|   7521 | WARD   | 1250.00 | 15000.00 |  41.67 | $            |
|   7566 | JONES  | 2975.00 | 35700.00 |  99.17 | $            |
|   7654 | MARTIN | 1250.00 | 15000.00 |  41.67 | $            |
|   7698 | BLAKE  | 2850.00 | 34200.00 |  95.00 | $            |
|   7782 | CLARK  | 2450.00 | 29400.00 |  81.67 | $            |
|   7788 | SCOTT  | 3000.00 | 36000.00 | 100.00 | $            |
|   7839 | KING   | 5000.00 | 60000.00 | 166.67 | $            |
|   7844 | TURNER | 1500.00 | 18000.00 |  50.00 | $            |
|   7876 | ADAMS  | 1100.00 | 13200.00 |  36.67 | $            |
|   7900 | JAMES  |  950.00 | 11400.00 |  31.67 | $            |
|   7902 | FORD   | 3000.00 | 36000.00 | 100.00 | $            |
|   7934 | MILLER | 1300.00 | 15600.00 |  43.33 | $            |
+--------+--------+---------+----------+--------+--------------+
14 rows in set (0.00 sec)
```

#### 查询表中有多少条记录

```
mysql> select count(*) from emp;
+----------+
| count(*) |
+----------+
|       14 |
+----------+
1 row in set (0.00 sec)
```

#### 查询基本工资高于1500的全部员工信息

```
mysql> select * from emp where  sal>1500;
+-------+-------+-----------+------+---------------------+---------+--------+--------+
| empno | ename | job       | mgr  | hiredate            | sal     | comm   | deptno |
+-------+-------+-----------+------+---------------------+---------+--------+--------+
|  7499 | ALLEN | SALESMAN  | 7698 | 1981-02-20 00:00:00 | 1600.00 | 300.00 |     30 |
|  7566 | JONES | MANAGER   | 7839 | 1981-04-02 00:00:00 | 2975.00 |   NULL |     20 |
|  7698 | BLAKE | MANAGER   | 7839 | 1981-05-01 00:00:00 | 2850.00 |   NULL |     30 |
|  7782 | CLARK | MANAGER   | 7839 | 1981-06-09 00:00:00 | 2450.00 |   NULL |     10 |
|  7788 | SCOTT | ANALYST   | 7566 | 1982-12-09 00:00:00 | 3000.00 |   NULL |     20 |
|  7839 | KING  | PRESIDENT | NULL | 1981-11-17 00:00:00 | 5000.00 |   NULL |     10 |
|  7902 | FORD  | ANALYST   | 7566 | 1981-12-03 00:00:00 | 3000.00 |   NULL |     20 |
+-------+-------+-----------+------+---------------------+---------+--------+--------+
7 rows in set (0.00 sec)
```

#### 查询基本工资小于等于2000的全部员工信息

```
mysql> select * from emp where sal<=2000;
+-------+--------+----------+------+---------------------+---------+---------+--------+
| empno | ename  | job      | mgr  | hiredate            | sal     | comm    | deptno |
+-------+--------+----------+------+---------------------+---------+---------+--------+
|  7369 | SMITH  | CLERK    | 7902 | 1980-12-17 00:00:00 |  800.00 |    NULL |     20 |
|  7499 | ALLEN  | SALESMAN | 7698 | 1981-02-20 00:00:00 | 1600.00 |  300.00 |     30 |
|  7521 | WARD   | SALESMAN | 7698 | 1981-02-22 00:00:00 | 1250.00 |  500.00 |     30 |
|  7654 | MARTIN | SALESMAN | 7698 | 1981-09-28 00:00:00 | 1250.00 | 1400.00 |     30 |
|  7844 | TURNER | SALESMAN | 7698 | 1981-09-08 00:00:00 | 1500.00 |    0.00 |     30 |
|  7876 | ADAMS  | CLERK    | 7788 | 1983-01-12 00:00:00 | 1100.00 |    NULL |     20 |
|  7900 | JAMES  | CLERK    | 7698 | 1981-12-03 00:00:00 |  950.00 |    NULL |     30 |
|  7934 | MILLER | CLERK    | 7782 | 1982-01-23 00:00:00 | 1300.00 |    NULL |     10 |
+-------+--------+----------+------+---------------------+---------+---------+--------+
8 rows in set (0.00 sec)
```

#### 查询姓名是smith的员工信息

```
mysql> select * from emp where ename='smith';
+-------+-------+-------+------+---------------------+--------+------+--------+
| empno | ename | job   | mgr  | hiredate            | sal    | comm | deptno |
+-------+-------+-------+------+---------------------+--------+------+--------+
|  7369 | SMITH | CLERK | 7902 | 1980-12-17 00:00:00 | 800.00 | NULL |     20 |
+-------+-------+-------+------+---------------------+--------+------+--------+
1 row in set (0.00 sec)
mysql> select * from emp where ename='SMITH';
+-------+-------+-------+------+---------------------+--------+------+--------+
| empno | ename | job   | mgr  | hiredate            | sal    | comm | deptno |
+-------+-------+-------+------+---------------------+--------+------+--------+
|  7369 | SMITH | CLERK | 7902 | 1980-12-17 00:00:00 | 800.00 | NULL |     20 |
+-------+-------+-------+------+---------------------+--------+------+--------+
1 row in set (0.00 sec)

```
字符串是不区大小写的

#### 查询职位是clerk的的员工信息

```
mysql> select * from emp where job='clerk';
+-------+--------+-------+------+---------------------+---------+------+--------+
| empno | ename  | job   | mgr  | hiredate            | sal     | comm | deptno |
+-------+--------+-------+------+---------------------+---------+------+--------+
|  7369 | SMITH  | CLERK | 7902 | 1980-12-17 00:00:00 |  800.00 | NULL |     20 |
|  7876 | ADAMS  | CLERK | 7788 | 1983-01-12 00:00:00 | 1100.00 | NULL |     20 |
|  7900 | JAMES  | CLERK | 7698 | 1981-12-03 00:00:00 |  950.00 | NULL |     30 |
|  7934 | MILLER | CLERK | 7782 | 1982-01-23 00:00:00 | 1300.00 | NULL |     10 |
+-------+--------+-------+------+---------------------+---------+------+--------+
```

#### 查询职位不是clerk的的员工信息

```
mysql> select * from emp where job!='clerk';
+-------+--------+-----------+------+---------------------+---------+---------+--------+
| empno | ename  | job       | mgr  | hiredate            | sal     | comm    | deptno |
+-------+--------+-----------+------+---------------------+---------+---------+--------+
|  7499 | ALLEN  | SALESMAN  | 7698 | 1981-02-20 00:00:00 | 1600.00 |  300.00 |     30 |
|  7521 | WARD   | SALESMAN  | 7698 | 1981-02-22 00:00:00 | 1250.00 |  500.00 |     30 |
|  7566 | JONES  | MANAGER   | 7839 | 1981-04-02 00:00:00 | 2975.00 |    NULL |     20 |
|  7654 | MARTIN | SALESMAN  | 7698 | 1981-09-28 00:00:00 | 1250.00 | 1400.00 |     30 |
|  7698 | BLAKE  | MANAGER   | 7839 | 1981-05-01 00:00:00 | 2850.00 |    NULL |     30 |
|  7782 | CLARK  | MANAGER   | 7839 | 1981-06-09 00:00:00 | 2450.00 |    NULL |     10 |
|  7788 | SCOTT  | ANALYST   | 7566 | 1982-12-09 00:00:00 | 3000.00 |    NULL |     20 |
|  7839 | KING   | PRESIDENT | NULL | 1981-11-17 00:00:00 | 5000.00 |    NULL |     10 |
|  7844 | TURNER | SALESMAN  | 7698 | 1981-09-08 00:00:00 | 1500.00 |    0.00 |     30 |
|  7902 | FORD   | ANALYST   | 7566 | 1981-12-03 00:00:00 | 3000.00 |    NULL |     20 |
+-------+--------+-----------+------+---------------------+---------+---------+--------+
10 rows in set (0.00 sec)


mysql> select * from emp where job <>'clerk';
+-------+--------+-----------+------+---------------------+---------+---------+--------+
| empno | ename  | job       | mgr  | hiredate            | sal     | comm    | deptno |
+-------+--------+-----------+------+---------------------+---------+---------+--------+
|  7499 | ALLEN  | SALESMAN  | 7698 | 1981-02-20 00:00:00 | 1600.00 |  300.00 |     30 |
|  7521 | WARD   | SALESMAN  | 7698 | 1981-02-22 00:00:00 | 1250.00 |  500.00 |     30 |
|  7566 | JONES  | MANAGER   | 7839 | 1981-04-02 00:00:00 | 2975.00 |    NULL |     20 |
|  7654 | MARTIN | SALESMAN  | 7698 | 1981-09-28 00:00:00 | 1250.00 | 1400.00 |     30 |
|  7698 | BLAKE  | MANAGER   | 7839 | 1981-05-01 00:00:00 | 2850.00 |    NULL |     30 |
|  7782 | CLARK  | MANAGER   | 7839 | 1981-06-09 00:00:00 | 2450.00 |    NULL |     10 |
|  7788 | SCOTT  | ANALYST   | 7566 | 1982-12-09 00:00:00 | 3000.00 |    NULL |     20 |
|  7839 | KING   | PRESIDENT | NULL | 1981-11-17 00:00:00 | 5000.00 |    NULL |     10 |
|  7844 | TURNER | SALESMAN  | 7698 | 1981-09-08 00:00:00 | 1500.00 |    0.00 |     30 |
|  7902 | FORD   | ANALYST   | 7566 | 1981-12-03 00:00:00 | 3000.00 |    NULL |     20 |
+-------+--------+-----------+------+---------------------+---------+---------+--------+
10 rows in set (0.00 sec)

mysql> select * from emp where not job='clerk';
+-------+--------+-----------+------+---------------------+---------+---------+--------+
| empno | ename  | job       | mgr  | hiredate            | sal     | comm    | deptno |
+-------+--------+-----------+------+---------------------+---------+---------+--------+
|  7499 | ALLEN  | SALESMAN  | 7698 | 1981-02-20 00:00:00 | 1600.00 |  300.00 |     30 |
|  7521 | WARD   | SALESMAN  | 7698 | 1981-02-22 00:00:00 | 1250.00 |  500.00 |     30 |
|  7566 | JONES  | MANAGER   | 7839 | 1981-04-02 00:00:00 | 2975.00 |    NULL |     20 |
|  7654 | MARTIN | SALESMAN  | 7698 | 1981-09-28 00:00:00 | 1250.00 | 1400.00 |     30 |
|  7698 | BLAKE  | MANAGER   | 7839 | 1981-05-01 00:00:00 | 2850.00 |    NULL |     30 |
|  7782 | CLARK  | MANAGER   | 7839 | 1981-06-09 00:00:00 | 2450.00 |    NULL |     10 |
|  7788 | SCOTT  | ANALYST   | 7566 | 1982-12-09 00:00:00 | 3000.00 |    NULL |     20 |
|  7839 | KING   | PRESIDENT | NULL | 1981-11-17 00:00:00 | 5000.00 |    NULL |     10 |
|  7844 | TURNER | SALESMAN  | 7698 | 1981-09-08 00:00:00 | 1500.00 |    0.00 |     30 |
|  7902 | FORD   | ANALYST   | 7566 | 1981-12-03 00:00:00 | 3000.00 |    NULL |     20 |
+-------+--------+-----------+------+---------------------+---------+---------+--------+
10 rows in set (0.00 sec)
```

#### 查询工资在1500~3000包含1500和3000的员工的信息

```
mysql> select * from emp where sal between 1500 and 3000;
+-------+--------+----------+------+---------------------+---------+--------+--------+
| empno | ename  | job      | mgr  | hiredate            | sal     | comm   | deptno |
+-------+--------+----------+------+---------------------+---------+--------+--------+
|  7499 | ALLEN  | SALESMAN | 7698 | 1981-02-20 00:00:00 | 1600.00 | 300.00 |     30 |
|  7566 | JONES  | MANAGER  | 7839 | 1981-04-02 00:00:00 | 2975.00 |   NULL |     20 |
|  7698 | BLAKE  | MANAGER  | 7839 | 1981-05-01 00:00:00 | 2850.00 |   NULL |     30 |
|  7782 | CLARK  | MANAGER  | 7839 | 1981-06-09 00:00:00 | 2450.00 |   NULL |     10 |
|  7788 | SCOTT  | ANALYST  | 7566 | 1982-12-09 00:00:00 | 3000.00 |   NULL |     20 |
|  7844 | TURNER | SALESMAN | 7698 | 1981-09-08 00:00:00 | 1500.00 |   0.00 |     30 |
|  7902 | FORD   | ANALYST  | 7566 | 1981-12-03 00:00:00 | 3000.00 |   NULL |     20 |
+-------+--------+----------+------+---------------------+---------+--------+--------+
7 rows in set (0.00 sec)

mysql> select * from emp where sal>=1500 and sal <=3000;
+-------+--------+----------+------+---------------------+---------+--------+--------+
| empno | ename  | job      | mgr  | hiredate            | sal     | comm   | deptno |
+-------+--------+----------+------+---------------------+---------+--------+--------+
|  7499 | ALLEN  | SALESMAN | 7698 | 1981-02-20 00:00:00 | 1600.00 | 300.00 |     30 |
|  7566 | JONES  | MANAGER  | 7839 | 1981-04-02 00:00:00 | 2975.00 |   NULL |     20 |
|  7698 | BLAKE  | MANAGER  | 7839 | 1981-05-01 00:00:00 | 2850.00 |   NULL |     30 |
|  7782 | CLARK  | MANAGER  | 7839 | 1981-06-09 00:00:00 | 2450.00 |   NULL |     10 |
|  7788 | SCOTT  | ANALYST  | 7566 | 1982-12-09 00:00:00 | 3000.00 |   NULL |     20 |
|  7844 | TURNER | SALESMAN | 7698 | 1981-09-08 00:00:00 | 1500.00 |   0.00 |     30 |
|  7902 | FORD   | ANALYST  | 7566 | 1981-12-03 00:00:00 | 3000.00 |   NULL |     20 |
+-------+--------+----------+------+---------------------+---------+--------+--------+
7 rows in set (0.00 sec)

mysql> select * from emp where sal>=1500 && sal <=3000;
+-------+--------+----------+------+---------------------+---------+--------+--------+
| empno | ename  | job      | mgr  | hiredate            | sal     | comm   | deptno |
+-------+--------+----------+------+---------------------+---------+--------+--------+
|  7499 | ALLEN  | SALESMAN | 7698 | 1981-02-20 00:00:00 | 1600.00 | 300.00 |     30 |
|  7566 | JONES  | MANAGER  | 7839 | 1981-04-02 00:00:00 | 2975.00 |   NULL |     20 |
|  7698 | BLAKE  | MANAGER  | 7839 | 1981-05-01 00:00:00 | 2850.00 |   NULL |     30 |
|  7782 | CLARK  | MANAGER  | 7839 | 1981-06-09 00:00:00 | 2450.00 |   NULL |     10 |
|  7788 | SCOTT  | ANALYST  | 7566 | 1982-12-09 00:00:00 | 3000.00 |   NULL |     20 |
|  7844 | TURNER | SALESMAN | 7698 | 1981-09-08 00:00:00 | 1500.00 |   0.00 |     30 |
|  7902 | FORD   | ANALYST  | 7566 | 1981-12-03 00:00:00 | 3000.00 |   NULL |     20 |
+-------+--------+----------+------+---------------------+---------+--------+--------+
7 rows in set (0.00 sec)
```

#### 查询职位是销售人员salesman并且工资高于1200的员工信息

```
mysql> select * from emp where job='salesman' and sal>1200;
+-------+--------+----------+------+---------------------+---------+---------+--------+
| empno | ename  | job      | mgr  | hiredate            | sal     | comm    | deptno |
+-------+--------+----------+------+---------------------+---------+---------+--------+
|  7499 | ALLEN  | SALESMAN | 7698 | 1981-02-20 00:00:00 | 1600.00 |  300.00 |     30 |
|  7521 | WARD   | SALESMAN | 7698 | 1981-02-22 00:00:00 | 1250.00 |  500.00 |     30 |
|  7654 | MARTIN | SALESMAN | 7698 | 1981-09-28 00:00:00 | 1250.00 | 1400.00 |     30 |
|  7844 | TURNER | SALESMAN | 7698 | 1981-09-08 00:00:00 | 1500.00 |    0.00 |     30 |
+-------+--------+----------+------+---------------------+---------+---------+--------+
4 rows in set (0.00 sec)
```

#### 要求查询中10部门中的经理或者20部门中的业务员

```
mysql> SELECT * FROM emp
    ->  WHERE (deptno=10 AND job='manager')
    ->     OR
    ->   (deptno=20 AND job='clerk')
    -> ;
+-------+-------+---------+------+---------------------+---------+------+--------+
| empno | ename | job     | mgr  | hiredate            | sal     | comm | deptno |
+-------+-------+---------+------+---------------------+---------+------+--------+
|  7369 | SMITH | CLERK   | 7902 | 1980-12-17 00:00:00 |  800.00 | NULL |     20 |
|  7782 | CLARK | MANAGER | 7839 | 1981-06-09 00:00:00 | 2450.00 | NULL |     10 |
|  7876 | ADAMS | CLERK   | 7788 | 1983-01-12 00:00:00 | 1100.00 | NULL |     20 |
+-------+-------+---------+------+---------------------+---------+------+--------+
3 rows in set (0.00 sec)

```

#### 查询不是业务员且工资大于2000的员工

```
mysql> select * from emp
    -> where job!='clerk' and sal>2000;
+-------+-------+-----------+------+---------------------+---------+------+--------+
| empno | ename | job       | mgr  | hiredate            | sal     | comm | deptno |
+-------+-------+-----------+------+---------------------+---------+------+--------+
|  7566 | JONES | MANAGER   | 7839 | 1981-04-02 00:00:00 | 2975.00 | NULL |     20 |
|  7698 | BLAKE | MANAGER   | 7839 | 1981-05-01 00:00:00 | 2850.00 | NULL |     30 |
|  7782 | CLARK | MANAGER   | 7839 | 1981-06-09 00:00:00 | 2450.00 | NULL |     10 |
|  7788 | SCOTT | ANALYST   | 7566 | 1982-12-09 00:00:00 | 3000.00 | NULL |     20 |
|  7839 | KING  | PRESIDENT | NULL | 1981-11-17 00:00:00 | 5000.00 | NULL |     10 |
|  7902 | FORD  | ANALYST   | 7566 | 1981-12-03 00:00:00 | 3000.00 | NULL |     20 |
+-------+-------+-----------+------+---------------------+---------+------+--------+
6 rows in set (0.00 sec)

```
#### 判断内容是否为空is null ,is not null

#### 查询所有领取奖金的员工的信息

```
mysql> select * from emp where comm is not null;
+-------+--------+----------+------+---------------------+---------+---------+--------+
| empno | ename  | job      | mgr  | hiredate            | sal     | comm    | deptno |
+-------+--------+----------+------+---------------------+---------+---------+--------+
|  7499 | ALLEN  | SALESMAN | 7698 | 1981-02-20 00:00:00 | 1600.00 |  300.00 |     30 |
|  7521 | WARD   | SALESMAN | 7698 | 1981-02-22 00:00:00 | 1250.00 |  500.00 |     30 |
|  7654 | MARTIN | SALESMAN | 7698 | 1981-09-28 00:00:00 | 1250.00 | 1400.00 |     30 |
|  7844 | TURNER | SALESMAN | 7698 | 1981-09-08 00:00:00 | 1500.00 |    0.00 |     30 |
+-------+--------+----------+------+---------------------+---------+---------+--------+
4 rows in set (0.00 sec)
```

#### 查询所有不领取资金的员工的信息

```
mysql> select * from emp where comm is  null;
+-------+--------+-----------+------+---------------------+---------+------+--------+
| empno | ename  | job       | mgr  | hiredate            | sal     | comm | deptno |
+-------+--------+-----------+------+---------------------+---------+------+--------+
|  7369 | SMITH  | CLERK     | 7902 | 1980-12-17 00:00:00 |  800.00 | NULL |     20 |
|  7566 | JONES  | MANAGER   | 7839 | 1981-04-02 00:00:00 | 2975.00 | NULL |     20 |
|  7698 | BLAKE  | MANAGER   | 7839 | 1981-05-01 00:00:00 | 2850.00 | NULL |     30 |
|  7782 | CLARK  | MANAGER   | 7839 | 1981-06-09 00:00:00 | 2450.00 | NULL |     10 |
|  7788 | SCOTT  | ANALYST   | 7566 | 1982-12-09 00:00:00 | 3000.00 | NULL |     20 |
|  7839 | KING   | PRESIDENT | NULL | 1981-11-17 00:00:00 | 5000.00 | NULL |     10 |
|  7876 | ADAMS  | CLERK     | 7788 | 1983-01-12 00:00:00 | 1100.00 | NULL |     20 |
|  7900 | JAMES  | CLERK     | 7698 | 1981-12-03 00:00:00 |  950.00 | NULL |     30 |
|  7902 | FORD   | ANALYST   | 7566 | 1981-12-03 00:00:00 | 3000.00 | NULL |     20 |
|  7934 | MILLER | CLERK     | 7782 | 1982-01-23 00:00:00 | 1300.00 | NULL |     10 |
+-------+--------+-----------+------+---------------------+---------+------+--------+
10 rows in set (0.00 sec)
```

#### 查询所有不领取资金同时工资大于2000的员工的信息

```
mysql> select * from emp where comm is null and sal > 2000;
+-------+-------+-----------+------+---------------------+---------+------+--------+
| empno | ename | job       | mgr  | hiredate            | sal     | comm | deptno |
+-------+-------+-----------+------+---------------------+---------+------+--------+
|  7566 | JONES | MANAGER   | 7839 | 1981-04-02 00:00:00 | 2975.00 | NULL |     20 |
|  7698 | BLAKE | MANAGER   | 7839 | 1981-05-01 00:00:00 | 2850.00 | NULL |     30 |
|  7782 | CLARK | MANAGER   | 7839 | 1981-06-09 00:00:00 | 2450.00 | NULL |     10 |
|  7788 | SCOTT | ANALYST   | 7566 | 1982-12-09 00:00:00 | 3000.00 | NULL |     20 |
|  7839 | KING  | PRESIDENT | NULL | 1981-11-17 00:00:00 | 5000.00 | NULL |     10 |
|  7902 | FORD  | ANALYST   | 7566 | 1981-12-03 00:00:00 | 3000.00 | NULL |     20 |
+-------+-------+-----------+------+---------------------+---------+------+--------+
6 rows in set (0.00 sec)
```
#### 查询不收取佣金，或者收取佣金小于100元的员工
```
mysql> select * from emp where comm is null or comm < 100;
+-------+--------+-----------+------+---------------------+---------+------+--------+
| empno | ename  | job       | mgr  | hiredate            | sal     | comm | deptno |
+-------+--------+-----------+------+---------------------+---------+------+--------+
|  7369 | SMITH  | CLERK     | 7902 | 1980-12-17 00:00:00 |  800.00 | NULL |     20 |
|  7566 | JONES  | MANAGER   | 7839 | 1981-04-02 00:00:00 | 2975.00 | NULL |     20 |
|  7698 | BLAKE  | MANAGER   | 7839 | 1981-05-01 00:00:00 | 2850.00 | NULL |     30 |
|  7782 | CLARK  | MANAGER   | 7839 | 1981-06-09 00:00:00 | 2450.00 | NULL |     10 |
|  7788 | SCOTT  | ANALYST   | 7566 | 1982-12-09 00:00:00 | 3000.00 | NULL |     20 |
|  7839 | KING   | PRESIDENT | NULL | 1981-11-17 00:00:00 | 5000.00 | NULL |     10 |
|  7844 | TURNER | SALESMAN  | 7698 | 1981-09-08 00:00:00 | 1500.00 | 0.00 |     30 |
|  7876 | ADAMS  | CLERK     | 7788 | 1983-01-12 00:00:00 | 1100.00 | NULL |     20 |
|  7900 | JAMES  | CLERK     | 7698 | 1981-12-03 00:00:00 |  950.00 | NULL |     30 |
|  7902 | FORD   | ANALYST   | 7566 | 1981-12-03 00:00:00 | 3000.00 | NULL |     20 |
|  7934 | MILLER | CLERK     | 7782 | 1982-01-23 00:00:00 | 1300.00 | NULL |     10 |
+-------+--------+-----------+------+---------------------+---------+------+--------+
11 rows in set (0.00 sec)
```

#### 查找收取佣金的员工的不同职位的工作
	先查找收取佣金的员工职位JOB


```
mysql> select job from emp where comm is not null;
+----------+
| job      |
+----------+
| SALESMAN |
| SALESMAN |
| SALESMAN |
| SALESMAN |
+----------+
4 rows in set (0.00 sec)
# 发现职位重复使用distinct
mysql> select distinct job from emp where comm is not null;
+----------+
| job      |
+----------+
| SALESMAN |
+----------+
1 row in set (0.00 sec)
```

#### 列的范围查找in ,not in,有固定的多个条件才使用

#### 查询出员工编号是7369,7788,7566的员工信息

```
mysql> select * from emp where empno=7369 or empno=7788 or empno=7566;
+-------+-------+---------+------+---------------------+---------+------+--------+
| empno | ename | job     | mgr  | hiredate            | sal     | comm | deptno |
+-------+-------+---------+------+---------------------+---------+------+--------+
|  7369 | SMITH | CLERK   | 7902 | 1980-12-17 00:00:00 |  800.00 | NULL |     20 |
|  7566 | JONES | MANAGER | 7839 | 1981-04-02 00:00:00 | 2975.00 | NULL |     20 |
|  7788 | SCOTT | ANALYST | 7566 | 1982-12-09 00:00:00 | 3000.00 | NULL |     20 |
+-------+-------+---------+------+---------------------+---------+------+--------+
3 rows in set (0.00 sec)
```
IN来写
```
mysql> select * from emp where empno in (7369,7566,7788);
+-------+-------+---------+------+---------------------+---------+------+--------+
| empno | ename | job     | mgr  | hiredate            | sal     | comm | deptno |
+-------+-------+---------+------+---------------------+---------+------+--------+
|  7369 | SMITH | CLERK   | 7902 | 1980-12-17 00:00:00 |  800.00 | NULL |     20 |
|  7566 | JONES | MANAGER | 7839 | 1981-04-02 00:00:00 | 2975.00 | NULL |     20 |
|  7788 | SCOTT | ANALYST | 7566 | 1982-12-09 00:00:00 | 3000.00 | NULL |     20 |
+-------+-------+---------+------+---------------------+---------+------+--------+
3 rows in set (0.00 sec)

```

#### 查询出员工编号不是7369,7788,7566的员工信息

```
mysql> select * from emp where empno not  in (7369,7566,7788);
+-------+--------+-----------+------+---------------------+---------+---------+--------+
| empno | ename  | job       | mgr  | hiredate            | sal     | comm    | deptno |
+-------+--------+-----------+------+---------------------+---------+---------+--------+
|  7499 | ALLEN  | SALESMAN  | 7698 | 1981-02-20 00:00:00 | 1600.00 |  300.00 |     30 |
|  7521 | WARD   | SALESMAN  | 7698 | 1981-02-22 00:00:00 | 1250.00 |  500.00 |     30 |
|  7654 | MARTIN | SALESMAN  | 7698 | 1981-09-28 00:00:00 | 1250.00 | 1400.00 |     30 |
|  7698 | BLAKE  | MANAGER   | 7839 | 1981-05-01 00:00:00 | 2850.00 |    NULL |     30 |
|  7782 | CLARK  | MANAGER   | 7839 | 1981-06-09 00:00:00 | 2450.00 |    NULL |     10 |
|  7839 | KING   | PRESIDENT | NULL | 1981-11-17 00:00:00 | 5000.00 |    NULL |     10 |
|  7844 | TURNER | SALESMAN  | 7698 | 1981-09-08 00:00:00 | 1500.00 |    0.00 |     30 |
|  7876 | ADAMS  | CLERK     | 7788 | 1983-01-12 00:00:00 | 1100.00 |    NULL |     20 |
|  7900 | JAMES  | CLERK     | 7698 | 1981-12-03 00:00:00 |  950.00 |    NULL |     30 |
|  7902 | FORD   | ANALYST   | 7566 | 1981-12-03 00:00:00 | 3000.00 |    NULL |     20 |
|  7934 | MILLER | CLERK     | 7782 | 1982-01-23 00:00:00 | 1300.00 |    NULL |     10 |
+-------+--------+-----------+------+---------------------+---------+---------+--------+
11 rows in set (0.00 sec)
```

#### 模糊查询 like not like 
* %匹配0个，1个或者多个字符
* _下划线只能匹配一个字符


#### 查询出员工姓名是S开头的员工信息
```
mysql> #查询出员工姓名是S开头的员工信息
mysql> select * from emp where ename like 'S%';
+-------+-------+---------+------+---------------------+---------+------+--------+
| empno | ename | job     | mgr  | hiredate            | sal     | comm | deptno |
+-------+-------+---------+------+---------------------+---------+------+--------+
|  7369 | SMITH | CLERK   | 7902 | 1980-12-17 00:00:00 |  800.00 | NULL |     20 |
|  7788 | SCOTT | ANALYST | 7566 | 1982-12-09 00:00:00 | 3000.00 | NULL |     20 |
+-------+-------+---------+------+---------------------+---------+------+--------+
2 rows in set (0.00 sec)

mysql> select * from emp where ename like 's%';
+-------+-------+---------+------+---------------------+---------+------+--------+
| empno | ename | job     | mgr  | hiredate            | sal     | comm | deptno |
+-------+-------+---------+------+---------------------+---------+------+--------+
|  7369 | SMITH | CLERK   | 7902 | 1980-12-17 00:00:00 |  800.00 | NULL |     20 |
|  7788 | SCOTT | ANALYST | 7566 | 1982-12-09 00:00:00 | 3000.00 | NULL |     20 |
+-------+-------+---------+------+---------------------+---------+------+--------+
2 rows in set (0.00 sec)
```

#### 查询姓名第2个字母是M的员工信息
```
mysql> select * from emp where ename like'_M%';
+-------+-------+-------+------+---------------------+--------+------+--------+
| empno | ename | job   | mgr  | hiredate            | sal    | comm | deptno |
+-------+-------+-------+------+---------------------+--------+------+--------+
|  7369 | SMITH | CLERK | 7902 | 1980-12-17 00:00:00 | 800.00 | NULL |     20 |
+-------+-------+-------+------+---------------------+--------+------+--------+
1 row in set (0.00 sec)

```

#### 查询姓名中包含F的员工信息
--先分析F可以出现在姓名中的任意位置用%来匹配
```
mysql> #查询姓名中包含F的员工信息
mysql> select * from emp where ename like '%F%';
+-------+-------+---------+------+---------------------+---------+------+--------+
| empno | ename | job     | mgr  | hiredate            | sal     | comm | deptno |
+-------+-------+---------+------+---------------------+---------+------+--------+
|  7902 | FORD  | ANALYST | 7566 | 1981-12-03 00:00:00 | 3000.00 | NULL |     20 |
+-------+-------+---------+------+---------------------+---------+------+--------+
1 row in set (0.00 sec)
```
#### 查询姓名长度为6或者长度超过6的员工信息

```
mysql> select * from emp where ename like '______%';
+-------+--------+----------+------+---------------------+---------+---------+--------+
| empno | ename  | job      | mgr  | hiredate            | sal     | comm    | deptno |
+-------+--------+----------+------+---------------------+---------+---------+--------+
|  7654 | MARTIN | SALESMAN | 7698 | 1981-09-28 00:00:00 | 1250.00 | 1400.00 |     30 |
|  7844 | TURNER | SALESMAN | 7698 | 1981-09-08 00:00:00 | 1500.00 |    0.00 |     30 |
|  7934 | MILLER | CLERK    | 7782 | 1982-01-23 00:00:00 | 1300.00 |    NULL |     10 |
+-------+--------+----------+------+---------------------+---------+---------+--------+
3 rows in set (0.00 sec)
```
函数LENGTH
```
mysql> select * from emp where length(ename)>=6;
+-------+--------+----------+------+---------------------+---------+---------+--------+
| empno | ename  | job      | mgr  | hiredate            | sal     | comm    | deptno |
+-------+--------+----------+------+---------------------+---------+---------+--------+
|  7654 | MARTIN | SALESMAN | 7698 | 1981-09-28 00:00:00 | 1250.00 | 1400.00 |     30 |
|  7844 | TURNER | SALESMAN | 7698 | 1981-09-08 00:00:00 | 1500.00 |    0.00 |     30 |
|  7934 | MILLER | CLERK    | 7782 | 1982-01-23 00:00:00 | 1300.00 |    NULL |     10 |
+-------+--------+----------+------+---------------------+---------+---------+--------+
3 rows in set (0.00 sec)
```

#### 查询10部门中的所有经理，20部门中所有业务员，既不不是经理又不是业务员但工资大于2000元的所有员工 同时员工姓名中包含S或者K
```
mysql>  SELECT * FROM emp
    ->  WHERE (( deptno =10 AND job ='manager')
    ->  OR (deptno=20 AND job='clerk')
    ->   OR (job NOT IN ('manager','clerk') AND sal>2000))
    ->  AND (ename LIKE '%s%' OR ename LIKE  '%k%');
+-------+-------+-----------+------+---------------------+---------+------+--------+
| empno | ename | job       | mgr  | hiredate            | sal     | comm | deptno |
+-------+-------+-----------+------+---------------------+---------+------+--------+
|  7369 | SMITH | CLERK     | 7902 | 1980-12-17 00:00:00 |  800.00 | NULL |     20 |
|  7782 | CLARK | MANAGER   | 7839 | 1981-06-09 00:00:00 | 2450.00 | NULL |     10 |
|  7788 | SCOTT | ANALYST   | 7566 | 1982-12-09 00:00:00 | 3000.00 | NULL |     20 |
|  7839 | KING  | PRESIDENT | NULL | 1981-11-17 00:00:00 | 5000.00 | NULL |     10 |
|  7876 | ADAMS | CLERK     | 7788 | 1983-01-12 00:00:00 | 1100.00 | NULL |     20 |
+-------+-------+-----------+------+---------------------+---------+------+--------+
5 rows in set (0.00 sec)
```

#### order by 排序 ASC ASC可以省略,升序 DESC 降序 


#### 查询所有员工，并按工资由高到低排序 
```
mysql>   # 查询所有员工，并按工资由高到低排序
mysql> select * from emp order by sal desc;
+-------+--------+-----------+------+---------------------+---------+---------+--------+
| empno | ename  | job       | mgr  | hiredate            | sal     | comm    | deptno |
+-------+--------+-----------+------+---------------------+---------+---------+--------+
|  7839 | KING   | PRESIDENT | NULL | 1981-11-17 00:00:00 | 5000.00 |    NULL |     10 |
|  7788 | SCOTT  | ANALYST   | 7566 | 1982-12-09 00:00:00 | 3000.00 |    NULL |     20 |
|  7902 | FORD   | ANALYST   | 7566 | 1981-12-03 00:00:00 | 3000.00 |    NULL |     20 |
|  7566 | JONES  | MANAGER   | 7839 | 1981-04-02 00:00:00 | 2975.00 |    NULL |     20 |
|  7698 | BLAKE  | MANAGER   | 7839 | 1981-05-01 00:00:00 | 2850.00 |    NULL |     30 |
|  7782 | CLARK  | MANAGER   | 7839 | 1981-06-09 00:00:00 | 2450.00 |    NULL |     10 |
|  7499 | ALLEN  | SALESMAN  | 7698 | 1981-02-20 00:00:00 | 1600.00 |  300.00 |     30 |
|  7844 | TURNER | SALESMAN  | 7698 | 1981-09-08 00:00:00 | 1500.00 |    0.00 |     30 |
|  7934 | MILLER | CLERK     | 7782 | 1982-01-23 00:00:00 | 1300.00 |    NULL |     10 |
|  7521 | WARD   | SALESMAN  | 7698 | 1981-02-22 00:00:00 | 1250.00 |  500.00 |     30 |
|  7654 | MARTIN | SALESMAN  | 7698 | 1981-09-28 00:00:00 | 1250.00 | 1400.00 |     30 |
|  7876 | ADAMS  | CLERK     | 7788 | 1983-01-12 00:00:00 | 1100.00 |    NULL |     20 |
|  7900 | JAMES  | CLERK     | 7698 | 1981-12-03 00:00:00 |  950.00 |    NULL |     30 |
|  7369 | SMITH  | CLERK     | 7902 | 1980-12-17 00:00:00 |  800.00 |    NULL |     20 |
+-------+--------+-----------+------+---------------------+---------+---------+--------+
14 rows in set (0.00 sec)
```

#### 查询所有员工，并按工资由低到高排序 
```
mysql> select * from emp order by sal asc
    -> ;
+-------+--------+-----------+------+---------------------+---------+---------+--------+
| empno | ename  | job       | mgr  | hiredate            | sal     | comm    | deptno |
+-------+--------+-----------+------+---------------------+---------+---------+--------+
|  7369 | SMITH  | CLERK     | 7902 | 1980-12-17 00:00:00 |  800.00 |    NULL |     20 |
|  7900 | JAMES  | CLERK     | 7698 | 1981-12-03 00:00:00 |  950.00 |    NULL |     30 |
|  7876 | ADAMS  | CLERK     | 7788 | 1983-01-12 00:00:00 | 1100.00 |    NULL |     20 |
|  7521 | WARD   | SALESMAN  | 7698 | 1981-02-22 00:00:00 | 1250.00 |  500.00 |     30 |
|  7654 | MARTIN | SALESMAN  | 7698 | 1981-09-28 00:00:00 | 1250.00 | 1400.00 |     30 |
|  7934 | MILLER | CLERK     | 7782 | 1982-01-23 00:00:00 | 1300.00 |    NULL |     10 |
|  7844 | TURNER | SALESMAN  | 7698 | 1981-09-08 00:00:00 | 1500.00 |    0.00 |     30 |
|  7499 | ALLEN  | SALESMAN  | 7698 | 1981-02-20 00:00:00 | 1600.00 |  300.00 |     30 |
|  7782 | CLARK  | MANAGER   | 7839 | 1981-06-09 00:00:00 | 2450.00 |    NULL |     10 |
|  7698 | BLAKE  | MANAGER   | 7839 | 1981-05-01 00:00:00 | 2850.00 |    NULL |     30 |
|  7566 | JONES  | MANAGER   | 7839 | 1981-04-02 00:00:00 | 2975.00 |    NULL |     20 |
|  7788 | SCOTT  | ANALYST   | 7566 | 1982-12-09 00:00:00 | 3000.00 |    NULL |     20 |
|  7902 | FORD   | ANALYST   | 7566 | 1981-12-03 00:00:00 | 3000.00 |    NULL |     20 |
|  7839 | KING   | PRESIDENT | NULL | 1981-11-17 00:00:00 | 5000.00 |    NULL |     10 |
+-------+--------+-----------+------+---------------------+---------+---------+--------+
14 rows in set (0.00 sec)
```

ASC可以不写

#### 查询所有业务员的详细信息，并且按照，基本工资由低到高排序
```
mysql> #查询所有业务员的详细信息，并且按照，基本工资由低到高排序
mysql> select * from emp where job='clerk' order by sal desc;
+-------+--------+-------+------+---------------------+---------+------+--------+
| empno | ename  | job   | mgr  | hiredate            | sal     | comm | deptno |
+-------+--------+-------+------+---------------------+---------+------+--------+
|  7934 | MILLER | CLERK | 7782 | 1982-01-23 00:00:00 | 1300.00 | NULL |     10 |
|  7876 | ADAMS  | CLERK | 7788 | 1983-01-12 00:00:00 | 1100.00 | NULL |     20 |
|  7900 | JAMES  | CLERK | 7698 | 1981-12-03 00:00:00 |  950.00 | NULL |     30 |
|  7369 | SMITH  | CLERK | 7902 | 1980-12-17 00:00:00 |  800.00 | NULL |     20 |
+-------+--------+-------+------+---------------------+---------+------+--------+
4 rows in set (0.00 sec)
```

#### 查询所有员工信息，要求按基本工资由高到低排序，如果工资相同按入职早，晚时间排序
```
mysql> select * from emp order by sal desc,hiredate asc;
+-------+--------+-----------+------+---------------------+---------+---------+--------+
| empno | ename  | job       | mgr  | hiredate            | sal     | comm    | deptno |
+-------+--------+-----------+------+---------------------+---------+---------+--------+
|  7839 | KING   | PRESIDENT | NULL | 1981-11-17 00:00:00 | 5000.00 |    NULL |     10 |
|  7902 | FORD   | ANALYST   | 7566 | 1981-12-03 00:00:00 | 3000.00 |    NULL |     20 |
|  7788 | SCOTT  | ANALYST   | 7566 | 1982-12-09 00:00:00 | 3000.00 |    NULL |     20 |
|  7566 | JONES  | MANAGER   | 7839 | 1981-04-02 00:00:00 | 2975.00 |    NULL |     20 |
|  7698 | BLAKE  | MANAGER   | 7839 | 1981-05-01 00:00:00 | 2850.00 |    NULL |     30 |
|  7782 | CLARK  | MANAGER   | 7839 | 1981-06-09 00:00:00 | 2450.00 |    NULL |     10 |
|  7499 | ALLEN  | SALESMAN  | 7698 | 1981-02-20 00:00:00 | 1600.00 |  300.00 |     30 |
|  7844 | TURNER | SALESMAN  | 7698 | 1981-09-08 00:00:00 | 1500.00 |    0.00 |     30 |
|  7934 | MILLER | CLERK     | 7782 | 1982-01-23 00:00:00 | 1300.00 |    NULL |     10 |
|  7521 | WARD   | SALESMAN  | 7698 | 1981-02-22 00:00:00 | 1250.00 |  500.00 |     30 |
|  7654 | MARTIN | SALESMAN  | 7698 | 1981-09-28 00:00:00 | 1250.00 | 1400.00 |     30 |
|  7876 | ADAMS  | CLERK     | 7788 | 1983-01-12 00:00:00 | 1100.00 |    NULL |     20 |
|  7900 | JAMES  | CLERK     | 7698 | 1981-12-03 00:00:00 |  950.00 |    NULL |     30 |
|  7369 | SMITH  | CLERK     | 7902 | 1980-12-17 00:00:00 |  800.00 |    NULL |     20 |
+-------+--------+-----------+------+---------------------+---------+---------+--------+
14 rows in set (0.00 sec)

```

#### 限制数据记录查询数量 -分页查询

```
SELECT field1 field2 ……fieldn
    FROM table_name
        WHERE CONDITION
            LIMIT OFFSET_START,ROW_COUNT

```

LIMIT来限制查询结果数量
其中OFFSET_START表示 起始记录偏移量--------(currPageNo-1) * pageSize+1;
参数ROW_COUNT显示的行数----------currPageNo * pageSize



#### 不指定初始位置

SELECT field1 field2 ……fieldn
    FROM table_name
        WHERE CONDITION
            LIMIT  ROW_COUNT

默认OFFSET_START为0

```
mysql> select * from emp where comm is null order by sal;
+-------+--------+-----------+------+---------------------+---------+------+--------+
| empno | ename  | job       | mgr  | hiredate            | sal     | comm | deptno |
+-------+--------+-----------+------+---------------------+---------+------+--------+
|  7369 | SMITH  | CLERK     | 7902 | 1980-12-17 00:00:00 |  800.00 | NULL |     20 |
|  7900 | JAMES  | CLERK     | 7698 | 1981-12-03 00:00:00 |  950.00 | NULL |     30 |
|  7876 | ADAMS  | CLERK     | 7788 | 1983-01-12 00:00:00 | 1100.00 | NULL |     20 |
|  7934 | MILLER | CLERK     | 7782 | 1982-01-23 00:00:00 | 1300.00 | NULL |     10 |
|  7782 | CLARK  | MANAGER   | 7839 | 1981-06-09 00:00:00 | 2450.00 | NULL |     10 |
|  7698 | BLAKE  | MANAGER   | 7839 | 1981-05-01 00:00:00 | 2850.00 | NULL |     30 |
|  7566 | JONES  | MANAGER   | 7839 | 1981-04-02 00:00:00 | 2975.00 | NULL |     20 |
|  7788 | SCOTT  | ANALYST   | 7566 | 1982-12-09 00:00:00 | 3000.00 | NULL |     20 |
|  7902 | FORD   | ANALYST   | 7566 | 1981-12-03 00:00:00 | 3000.00 | NULL |     20 |
|  7839 | KING   | PRESIDENT | NULL | 1981-11-17 00:00:00 | 5000.00 | NULL |     10 |
+-------+--------+-----------+------+---------------------+---------+------+--------+
10 rows in set (0.00 sec)

mysql> select * from emp where comm is null order by sal limit 3;
+-------+-------+-------+------+---------------------+---------+------+--------+
| empno | ename | job   | mgr  | hiredate            | sal     | comm | deptno |
+-------+-------+-------+------+---------------------+---------+------+--------+
|  7369 | SMITH | CLERK | 7902 | 1980-12-17 00:00:00 |  800.00 | NULL |     20 |
|  7900 | JAMES | CLERK | 7698 | 1981-12-03 00:00:00 |  950.00 | NULL |     30 |
|  7876 | ADAMS | CLERK | 7788 | 1983-01-12 00:00:00 | 1100.00 | NULL |     20 |
+-------+-------+-------+------+---------------------+---------+------+--------+
3 rows in set (0.00 sec)
```

#### 指定初始位置
select * from emp where comm is null order by sal limit 3,5;
```
mysql> select * from emp where comm is null order by sal;
+-------+--------+-----------+------+---------------------+---------+------+--------+
| empno | ename  | job       | mgr  | hiredate            | sal     | comm | deptno |
+-------+--------+-----------+------+---------------------+---------+------+--------+
|  7369 | SMITH  | CLERK     | 7902 | 1980-12-17 00:00:00 |  800.00 | NULL |     20 |
|  7900 | JAMES  | CLERK     | 7698 | 1981-12-03 00:00:00 |  950.00 | NULL |     30 |
|  7876 | ADAMS  | CLERK     | 7788 | 1983-01-12 00:00:00 | 1100.00 | NULL |     20 |
|  7934 | MILLER | CLERK     | 7782 | 1982-01-23 00:00:00 | 1300.00 | NULL |     10 |
|  7782 | CLARK  | MANAGER   | 7839 | 1981-06-09 00:00:00 | 2450.00 | NULL |     10 |
|  7698 | BLAKE  | MANAGER   | 7839 | 1981-05-01 00:00:00 | 2850.00 | NULL |     30 |
|  7566 | JONES  | MANAGER   | 7839 | 1981-04-02 00:00:00 | 2975.00 | NULL |     20 |
|  7788 | SCOTT  | ANALYST   | 7566 | 1982-12-09 00:00:00 | 3000.00 | NULL |     20 |
|  7902 | FORD   | ANALYST   | 7566 | 1981-12-03 00:00:00 | 3000.00 | NULL |     20 |
|  7839 | KING   | PRESIDENT | NULL | 1981-11-17 00:00:00 | 5000.00 | NULL |     10 |
+-------+--------+-----------+------+---------------------+---------+------+--------+
10 rows in set (0.00 sec)

mysql> select * from emp where comm is null order by sal limit 3,5;
+-------+--------+---------+------+---------------------+---------+------+--------+
| empno | ename  | job     | mgr  | hiredate            | sal     | comm | deptno |
+-------+--------+---------+------+---------------------+---------+------+--------+
|  7934 | MILLER | CLERK   | 7782 | 1982-01-23 00:00:00 | 1300.00 | NULL |     10 |
|  7782 | CLARK  | MANAGER | 7839 | 1981-06-09 00:00:00 | 2450.00 | NULL |     10 |
|  7698 | BLAKE  | MANAGER | 7839 | 1981-05-01 00:00:00 | 2850.00 | NULL |     30 |
|  7566 | JONES  | MANAGER | 7839 | 1981-04-02 00:00:00 | 2975.00 | NULL |     20 |
|  7788 | SCOTT  | ANALYST | 7566 | 1982-12-09 00:00:00 | 3000.00 | NULL |     20 |
+-------+--------+---------+------+---------------------+---------+------+--------+
5 rows in set (0.00 sec)
```

#### 统计函数和分组数据记录查询


* COUNT()函数：该统计函数实现统计表中记录的条数。
* AVG()函数：该统计函数实现计算字段值的平均值。
* SUM()函数：该统计函数实现计算字段值的总和。
* MAX()函数：该统计函数实现查询字段值的最大值。
* MIN()函数：该统计函数实现查询字段值的最小值。

#### 查询表中的总记录数

```
mysql> select count(*) from emp;
+----------+
| count(*) |
+----------+
|       14 |
+----------+
1 row in set (0.00 sec)

mysql> select count(1) from emp;
+----------+
| count(1) |
+----------+
|       14 |
+----------+
1 row in set (0.00 sec)
```

#### 查询领取奖金的人数
```
mysql> select count(comm) from emp;
+-------------+
| count(comm) |
+-------------+
|           4 |
+-------------+
1 row in set (0.00 sec)

mysql> select count(comm) from emp where not comm=0;
+-------------+
| count(comm) |
+-------------+
|           3 |
+-------------+
1 row in set (0.00 sec)

```

#### 查询员工的平均工资和资金
```
mysql> select avg(sal) from emp;
+-------------+
| avg(sal)    |
+-------------+
| 2073.214286 |
+-------------+
1 row in set (0.00 sec)

mysql> select avg(comm) from emp;
+------------+
| avg(comm)  |
+------------+
| 550.000000 |
+------------+
1 row in set (0.00 sec)

mysql> select avg(comm) from emp where not comm=0;
+------------+
| avg(comm)  |
+------------+
| 733.333333 |
+------------+
1 row in set (0.00 sec)

mysql> select avg(sal),avg(comm) from emp where not comm=0;
+-------------+------------+
| avg(sal)    | avg(comm)  |
+-------------+------------+
| 1366.666667 | 733.333333 |
+-------------+------------+
1 row in set (0.00 sec)

mysql>
```

#### 月总工资


```
mysql> select sum(sal) from emp;
+----------+
| sum(sal) |
+----------+
| 29025.00 |
+----------+
1 row in set (0.00 sec)
```


#### 查询最低工资与最高工资
```
mysql> select max(sal),min(sal) from emp;
+----------+----------+
| max(sal) | min(sal) |
+----------+----------+
|  5000.00 |   800.00 |
+----------+----------+
1 row in set (0.00 sec)

```
#### 分组数据查询

#### 简单分组数据记录查询


```
SELECT function()
    FROM table_name
        WHERE CONDITION
        GROUP BY field;

```

#### 功能性分组
```
SELECT GROUP_CONCAT(field)
    FROM table_name
        WHERE CONDITION
        GROUP BY field;

```

GROUP_CONCAT会显示第个分组中的指定字段
```
mysql> select deptno, group_concat(ename) from emp group by deptno;
+--------+--------------------------------------+
| deptno | group_concat(ename)                  |
+--------+--------------------------------------+
|     10 | CLARK,KING,MILLER                    |
|     20 | SMITH,JONES,SCOTT,ADAMS,FORD         |
|     30 | ALLEN,WARD,MARTIN,BLAKE,TURNER,JAMES |
+--------+--------------------------------------+
3 rows in set (0.00 sec)
```
加人统计人数
```
mysql> select deptno ,group_concat(ename), count(*) from emp group by deptno;
+--------+--------------------------------------+----------+
| deptno | group_concat(ename)                  | count(*) |
+--------+--------------------------------------+----------+
|     10 | CLARK,KING,MILLER                    |        3 |
|     20 | SMITH,JONES,SCOTT,ADAMS,FORD         |        5 |
|     30 | ALLEN,WARD,MARTIN,BLAKE,TURNER,JAMES |        6 |
+--------+--------------------------------------+----------+
3 rows in set (0.00 sec)

```

#### 多个字段分组查询

```
SELECT GROUP_CONCAT(field),function(field)
    FROM table_name
        WHERE CONDITION
        GROUP BY field1,field2,……fileldn;

```

首先会field1分组，再针对每个组按照field2分组，依次类推

```
mysql> select deptno from emp group by deptno;
+--------+
| deptno |
+--------+
|     10 |
|     20 |
|     30 |
+--------+
3 rows in set (0.00 sec)
```

加个日期
```
mysql> select deptno,hiredate from emp group by deptno,hiredate;
+--------+---------------------+
| deptno | hiredate            |
+--------+---------------------+
|     10 | 1981-06-09 00:00:00 |
|     10 | 1981-11-17 00:00:00 |
|     10 | 1982-01-23 00:00:00 |
|     20 | 1980-12-17 00:00:00 |
|     20 | 1981-04-02 00:00:00 |
|     20 | 1981-12-03 00:00:00 |
|     20 | 1982-12-09 00:00:00 |
|     20 | 1983-01-12 00:00:00 |
|     30 | 1981-02-20 00:00:00 |
|     30 | 1981-02-22 00:00:00 |
|     30 | 1981-05-01 00:00:00 |
|     30 | 1981-09-08 00:00:00 |
|     30 | 1981-09-28 00:00:00 |
|     30 | 1981-12-03 00:00:00 |
+--------+---------------------+
14 rows in set (0.00 sec)
```

#### HAVING子句限定分组查询

```
SELECT function(field)
    FROM table_name
        WHERE CONDITION
        GROUP BY field1,field2,……fileldn
        HAVING CONTITION;

```

HAVING是对分组后的数据进行条件过滤查询
```
mysql> select deptno, avg(sal) avgsal from emp group by deptno;
+--------+-------------+
| deptno | avgsal      |
+--------+-------------+
|     10 | 2916.666667 |
|     20 | 2175.000000 |
|     30 | 1566.666667 |
+--------+-------------+
3 rows in set (0.00 sec)
```
对以上数据条件过滤,平均工资大于2000的部门

```
mysql> select deptno, avg(sal) avgsal from emp group by deptno having avg(sal)>2000;
+--------+-------------+
| deptno | avgsal      |
+--------+-------------+
|     10 | 2916.666667 |
|     20 | 2175.000000 |
+--------+-------------+
2 rows in set (0.00 sec)
```


